{"cameraMode":{"drawMode":0,"name":"Shaded","section":"Shading Mode"},"sceneLighting":true,"audioPlay":false,"sceneViewState":{"m_AlwaysRefresh":false,"showFog":true,"showSkybox":true,"showFlares":true,"showImageEffects":true,"showParticleSystems":true,"showVisualEffectGraphs":true,"m_FxEnabled":true},"in2DMode":false,"pivot":{"x":4.8088579177856449,"y":56.990806579589847,"z":93.29292297363281},"rotation":{"x":-0.07491650432348252,"y":0.9087933897972107,"z":-0.17798785865306855,"w":-0.3700561225414276},"size":13.644632339477539,"orthographic":false}